Name,Tweets,tidy_tweet,sentiment,positive_percentage,negative_percentage,wordcloud
TheOffice,,,,80,20,https://i.ibb.co/Y3zKQBj/The-Office.png
0,My two favorite # TheOffice bean counters making chili together! PS: Hope you remembered to carry the one. https://twitter.com/BBBaumgartner/status/1069311912796516352 Ö,favorite TheOffice bean counters making chili together Hope remembered carry https twitter BBBaumgartner status,positive,,,
1,My two favorite # TheOffice bean counters making chili together! PS: Hope you remembered to carry the one.,favorite TheOffice bean counters making chili together Hope remembered carry,positive,,,
2,iPod and Bluetooth. Tech breakthroughs in season 7 of # TheOffice,iPod Bluetooth Tech breakthroughs season TheOffice,positive,,,
3,# TheOffice,TheOffice,positive,,,
4,We begin season 7 of # TheOffice. This is corny.,begin season TheOffice This corny,negative,,,
5,Rewatching all the # Christmas episodes of # TheOffice and remembering why I fell in love with this show in the first place because they're all incredible. # SundayThoughtspic.twitter.com/6ozg2aaU36,Rewatching Christmas episodes TheOffice remembering fell love with this show first place because they incredible SundayThoughtspic twitter,positive,,,
6,I am so proud of my Dunder Mifflin tree! # TheOffice @ johnkrasinski @ jennafischer @ AngelaKinsey @ rainnwilson @ OscarNunezLA @ SteveCarell @ bjnovak @ BBBaumgartner @ creedbratton @pic.twitter.com/QvGcVP6KlJ,proud Dunder Mifflin tree TheOffice johnkrasinski jennafischer AngelaKinsey rainnwilson OscarNunezLA SteveCarell bjnovak BBBaumgartner creedbratton twitter QvGcVP,negative,,,
7,"ìIn the end, the greatest snowball of all isnít even a snowball-itís fear.î -Dwight K. Schrute # theoffice # wordstoliveby",greatest snowball even snowball fear Dwight Schrute theoffice wordstoliveby,positive,,,
8,"Hoje em 2010 foi ao ar o episÛdio 10 da 7a temporada de The Office, chamado China. O que houve no episÛdio? Nossa equipe ainda n„o chegou atÈ la. Sem Spoilers # podcast # podcastbrasil # HistÛria # televisao # TheOffice",Hoje epis temporada Office chamado China houve epis Nossa equipe ainda chegou Spoilers podcast podcastbrasil Hist televisao TheOffice,positive,,,
9,# christmastree and # theoffice pic.twitter.com/dpq6c4mpcQ,christmastree theoffice twitter mpcQ,positive,,,
Arrow,,,,50,50,https://i.ibb.co/gR05X9k/Arrow.png
0,# Arrow - 7x07 no ar! https://tvtime.com/r/NNiB,Arrow https tvtime NNiB,positive,,,
1,"# TheFlash So, I just watched o come all ye thankful & @ FLASHtvwriters did an excellent job weaving in cicada' s backstory & motivations, Gr8er than # Arrow & # Supergirl have, imo!",TheFlash just watched come thankful FLASHtvwriters excellent weaving cicada backstory motivations than Arrow Supergirl have,positive,,,
2,I love having a Jewish superhero to look up to on tv! Felicity Smoak inspires me and I love every reference to her religion and heritage. She has saved me multiple times. Thank you for her and Happy Hanukkah! @ SchwartzApprovd @ ARROWwriters @ CW_Arrow # Arrow pic.twitter.com/fc7o3sJcsQ,love having Jewish superhero look Felicity Smoak inspires love every reference religion heritage saved multiple times Thank Happy Hanukkah SchwartzApprovd ARROWwriters Arrow Arrow twitter sJcsQ,positive,,,
3,I've just watched episode S01E20 of Arrow! # Arrow # tvtime https://tvtime.com/r/OiGA pic.twitter.com/1c1R2ESocu,just watched episode Arrow Arrow tvtime https tvtime OiGA twitter ESocu,negative,,,
4,Great guess! That makes me oddly emotional. # Arrow,Great guess That makes oddly emotional Arrow,positive,,,
5,Who the hell is Max Fuller why donít I remember him. # Arrow,hell Fuller remember Arrow,negative,,,
6,Where are the sneak peaks? # Arrow,Where sneak peaks Arrow,negative,,,
7,Hunter or hunted # fox # arrow # struggle # hunter # hero # strong # attack # illustration # art # artistsoninstagram # digitalart # sketch # sketchbook # doodle # drawing # fast # ideas # quickÖ https://www.instagram.com/p/Bq51_fTgLD5/?utm_source=ig_twitter_share&igshid=1krpuyl58r89d Ö,Hunter hunted arrow struggle hunter hero strong attack illustration artistsoninstagram digitalart sketch sketchbook doodle drawing fast ideas quick https instagram fTgLD source twitter share igshid krpuyl,positive,,,
8,I've just watched episode S07E07 of Arrow! # Arrow # tvtime https://tvtime.com/r/OiCp pic.twitter.com/SfCCj4f4fF,just watched episode Arrow Arrow tvtime https tvtime OiCp twitter SfCCj,negative,,,
9,"Novas imagens de Elseworlds confirmam presenÁas de Malcolm Merlyn, Joe Wilson e Ricardo Diaz. # ARROW # TheFlash # supergirl # Elseworlds # dccomics # TheCW # melissabenoist # johnbarrowman # kirkacevedo # grantgustin # flash # stephenamell # Arrowverse # arrowversecrossover2018pic.twitter.com/hpafdjos7P",Novas imagens Elseworlds confirmam presen Malcolm Merlyn Wilson Ricardo Diaz ARROW TheFlash supergirl Elseworlds dccomics TheCW melissabenoist johnbarrowman kirkacevedo grantgustin flash stephenamell Arrowverse arrowversecrossover twitter hpafdjos,negative,,,
Daredevil,,,,90,10,https://i.ibb.co/S6syqYx/Daredevil.png
0,Netflix cancelled # Daredevil and this is Foggy's shocked face. # SaveDaredevilpic.twitter.com/N5Xu1wnsdf,Netflix cancelled Daredevil this Foggy shocked face SaveDaredevilpic twitter wnsdf,positive,,,
1,Just finished recording our # Daredevil Season 3 discussion episode in light of the recent cancellation. Dropping in a few days. # Marvel # Netflixpic.twitter.com/t4HnNStC0I,Just finished recording Daredevil Season discussion episode light recent cancellation Dropping days Marvel Netflixpic twitter HnNStC,positive,,,
2,"With # Daredevil put out to pasture, itís safe to say the entire Netflix franchise is merely running out the clock. https://www.nbcnews.com/think/opinion/netflix-cancels-daredevil-essentially-killing-marvel-universe-dooming-jessica-jones-ncna942666 Ö",With Daredevil pasture safe entire Netflix franchise merely running clock https nbcnews think opinion netflix cancels daredevil essentially killing marvel universe dooming jessica jones ncna,negative,,,
3,# CharlieCoxSad AdiÛs # Daredevil pic.twitter.com/4H8OSI0Rgw,CharlieCoxSad Daredevil twitter,positive,,,
4,"# Daredevil & # ThePunisher 2of my favorite Marvel Titles. Finishing DD S3(best yet) when we heard the news. Though sad, It did spark a fantastic discussion about how Matt may fight super villains on rooftops but # KarenPage was the true superhero played perfectly by you, Deborah.",Daredevil ThePunisher favorite Marvel Titles Finishing best when heard news Though spark fantastic discussion about Matt fight super villains rooftops KarenPage true superhero played perfectly Deborah,positive,,,
5,"# Daredevil was cancelled. On the one hand, that makes me very sad. On the other, now that they're done, maybe they're looking for new ideas for future versions of the character.",Daredevil cancelled hand that makes very other that they done maybe they looking ideas future versions character,positive,,,
6,# Daredevil pic.twitter.com/RD6mLQIPpX,Daredevil twitter mLQIPpX,positive,,,
7,Better have # Daredevil in it,Better have Daredevil,positive,,,
8,That face you make when you found out Netflix Cancelled Daredevil!!! # RenewDaredevil # SaveDaredevil # Daredevil pic.twitter.com/vJhBLXnOuQ,That face make when found Netflix Cancelled Daredevil RenewDaredevil SaveDaredevil Daredevil twitter vJhBLXnOuQ,positive,,,
9,"to all # daredevil fans who have recently had their show cancelled, we # sense8 fans understand how you feel. how about we all ask for both to be brought back and make twice the noise for both shows??",daredevil fans have recently their show cancelled sense fans understand feel about both brought back make twice noise both shows,positive,,,
TheFlash,,,,70,30,https://i.ibb.co/0GQHsnB/TheFlash.png
0,I've just watched episode S04E23 of The Flash (2014)! # TheFlash # tvtime https://tvtime.com/r/OiJ4 pic.twitter.com/CZHHauHMrD,just watched episode Flash TheFlash tvtime https tvtime twitter CZHHauHMrD,negative,,,
1,#8 | Candice Patton with a fan at the # HVFFSanJose # TheFlash pic.twitter.com/7qLr3qngyv,Candice Patton with HVFFSanJose TheFlash twitter qngyv,positive,,,
2,"# TheFlash So, I just watched o come all ye thankful & @ FLASHtvwriters did an excellent job weaving in cicada' s backstory & motivations, Gr8er than # Arrow & # Supergirl have, imo!",TheFlash just watched come thankful FLASHtvwriters excellent weaving cicada backstory motivations than Arrow Supergirl have,positive,,,
3,"Wait, so who's faster? Wally West or Nora West-Allen? # TheFlash",Wait faster Wally West Nora West Allen TheFlash,negative,,,
4,"@ dpanabaker I know that you have a busy schedule, but if you are able to be at @ MonsterManiaCon in March, it would make so many people happy including myself. Numerous people have been requesting you. # killerfrost # theflash # FridayThe13th # thecrazie",dpanabaker know that have busy schedule able MonsterManiaCon March would make many people happy including myself Numerous people have been requesting killerfrost theflash FridayThe thecrazies dareigoon,positive,,,
5,Acabo de ver S05E07The Flash (2014) # TheFlash # tvtime https://tvtime.com/r/OiEE pic.twitter.com/YFBonSOmOK,Acabo Flash TheFlash tvtime https tvtime OiEE twitter YFBonSOmOK,positive,,,
6,"Eu acabei de assistir o episÛdio S05E07, ""O Come, All Ye Thankful"", de # TheFlash! # tvtimehttps://tvtime.com/r/OiDT",acabei assistir epis Come Thankful TheFlash tvtimehttps tvtime OiDT,positive,,,
7,Being # TheFlash has its disadvantages... pic.twitter.com/sS2CHAStPG,Being TheFlash disadvantages twitter CHAStPG,positive,,,
8,Catching up with this week's # TheFlash now pic.twitter.com/jEqcqK5HxX,Catching with this week TheFlash twitter jEqcqK,positive,,,
9,#2 | Candice Patton with a fan at the # HVFFSanJose photo op (via @ iriswestsallen) # TheFlash pic.twitter.com/5jcbkRyhSe,Candice Patton with HVFFSanJose photo iriswestsallen TheFlash twitter jcbkRyhSe,negative,,,
The100,,,,50,50,https://i.ibb.co/mv3Pcmb/The100.png
0,Hello yes I could use a little # WayHaught AND # Clexa action please. # The100 # WynonnaEarp,Hello could little WayHaught Clexa action please WynonnaEarp,negative,,,
1,"Man this show is killing me, guys # The100",this show killing guys,negative,,,
2,perÛ loro gia stavano sullo spazio?! o sbaglio?! # The100 https://twitter.com/wondervellis/status/1069372867853336576 Ö,loro stavano sullo spazio sbaglio https twitter wondervellis status,negative,,,
3,# sosprisiones # TuAbandonoMePuedeMatar # EleccionesAndalucia # EleccionesAndalucia2018 # Andalucia # EleccionesAndaluciaA3N # EleccionesAndalucia2018 # AndaluciaDecide # GlobalCitizen # SusanaDiaz # PresidenteDeMexico # 2DAndalucia @ CiudadanosCs @ PPopular @ PSOE @ vox_es # FearTWD # The100 https://twitter.com/sarapator/status/1069269628092932096 Ö,sosprisiones TuAbandonoMePuedeMatar EleccionesAndalucia EleccionesAndalucia Andalucia EleccionesAndaluciaA EleccionesAndalucia AndaluciaDecide GlobalCitizen SusanaDiaz PresidenteDeMexico DAndalucia CiudadanosCs PPopular PSOE FearTWD https twitter sarapator status,positive,,,
4,I've just watched episode S01E04 of The 100! # The100 # tvtime https://tvtime.com/r/OiuF pic.twitter.com/9X6xJglq8v,just watched episode tvtime https tvtime OiuF twitter xJglq,negative,,,
5,ALIE » STATA LA CAUSA DELLE BOMBE 97 ANNI PRIMA RENDENDO IMPOSSIBILE VIVERE SULLA TERRA? # The100,ALIE STATA CAUSA DELLE BOMBE ANNI PRIMA RENDENDO IMPOSSIBILE VIVERE SULLA TERRA,positive,,,
6,I've just watched episode S05E03 of The 100! # The100 .. # tvtime https://tvtime.com/r/Oiua pic.twitter.com/3uuARQbzTT,just watched episode tvtime https tvtime Oiua twitter uuARQbzTT,negative,,,
7,tengo obsesiÛn con Bellamy Blake # The100,tengo obsesi Bellamy Blake,positive,,,
8,Madi eu te amo # The100,Madi,positive,,,
9,comunque alie che Ë sbucata dal nulla mi fa troppo ridere! # The100,comunque alie sbucata nulla troppo ridere,positive,,,
Outlander,,,,60,40,https://i.ibb.co/D8DjCCf/Outlander.png
0,Mi gran problema de los domingo en la noche es... - Ver The Handmaid's Tale - Ver # Outlander # FirstWorldProblems,gran problema domingo noche Handmaid Tale Outlander FirstWorldProblems,positive,,,
1,I NEED TO WATCH NEXT WEEKíS EPISODE RIGHT NOW # outlander # OutlanderSeason4,NEED WATCH NEXT WEEK EPISODE RIGHT outlander OutlanderSeason,positive,,,
2,Getting ready to watch # outlander.,Getting ready watch outlander,positive,,,
3,"We got to see all three-Love,Brave and Strong like a woman-from Claire in episode 405 of # Outlander. @ Outlander_STARZ",three Love Brave Strong like woman from Claire episode Outlander Outlander STARZ,negative,,,
4,"Finally, # Outlander is top of the list under best of Sunday Prime time! About darn Time # TheFrasers # Outlander @ Outlander_STARZ @ SamHeughan @ caitrionambalfepic.twitter.com/JyafaNsHow",Finally Outlander list under best Sunday Prime time About darn Time TheFrasers Outlander Outlander STARZ SamHeughan caitrionambalfepic twitter JyafaNsHow,positive,,,
5,Murtaghís excitement over Claire coming back # outlander # savages,Murtagh excitement over Claire coming back outlander savages,negative,,,
6,"""she is here""...THAT RABBIT WAS ALWAYS A SPOILER... # Outlander # Savageshttps://twitter.com/LexiLovesCait/status/1069362932323155970 Ö",here THAT RABBIT ALWAYS SPOILER Outlander Savageshttps twitter LexiLovesCait status,positive,,,
7,Rollo is so cute @ Outlander_STARZ # outlander # savages,Rollo cute Outlander STARZ outlander savages,negative,,,
8,This season has been fantastic! Each episode just gets better # Outlander,This season been fantastic Each episode just gets better Outlander,positive,,,
9,@ caitrionambalfe Looooooved how much your Irish country girl showed in this ep! # Outlander pic.twitter.com/L1y5EmTWhl,caitrionambalfe Looooooved much your Irish country girl showed this Outlander twitter EmTWhl,negative,,,
ParksandRecreation,,,,90,10,https://i.ibb.co/MDdSmDQ/Parksand-Recreation.png
0,It's a dangerous show. A dangerous thing. # parksandrecreation # treatyoself # amazonjunkie https://www.instagram.com/p/Bq5120WB-UA/?utm_source=ig_twitter_share&igshid=7wco3joo61s9 Ö,dangerous show dangerous thing parksandrecreation treatyoself amazonjunkie https instagram source twitter share igshid,positive,,,
1,I now have to rewatch every episode of # parksandrecreation to confirm that none of Ron and Leslieís breakfasts included banana or blueberry pancakes. I have a hard time believing it.,have rewatch every episode parksandrecreation confirm that none Leslie breakfasts included banana blueberry pancakes have hard time believing,negative,,,
2,ëHuman equivalent of gas station sushií is possibly one of the best insults ever thought of! # parksandrecreation # bossbitch # leslieknope,Human equivalent station sushi possibly best insults ever thought parksandrecreation bossbitch leslieknope,positive,,,
3,I wish they would reboot # ParksandRec And to the naysayers who say it hasnít been long enough....any amount of time without Parks is TOO LONG! # TreatYoSelf # LittleSebastian # RonEffingSwanson # SnakeHoleLounge # GerryHadAFartAttack # BulaBulaBula # JoansGotcha # ParksAndRecreation,wish they would reboot ParksandRec naysayers hasn been long enough amount time without Parks LONG TreatYoSelf LittleSebastian RonEffingSwanson SnakeHoleLounge GerryHadAFartAttack BulaBulaBula JoansGotcha ParksAndRecreation,positive,,,
4,# taxes # parksandrecreation pic.twitter.com/1KQsXqHE9m,taxes parksandrecreation twitter KQsXqHE,positive,,,
5,# ParksandRecreation pic.twitter.com/rlUp9O4FQy,ParksandRecreation twitter rlUp,positive,,,
6,"Gibt es eigentlich sowas wie eine Petition, um # parksandrecreation endlich auf @ NetflixDE zu holen?",Gibt eigentlich sowas eine Petition parksandrecreation endlich NetflixDE holen,positive,,,
7,The 22 Greatest TV Couples of All Time https://ew.com/gallery/greatest-tv-couples-of-all-time/?utm_source=twitter.com&utm_medium=social&utm_campaign=social-button-sharing Ö via @ ew # AprilAndAndy # ParksAndRecreation @ DisneyStudios # CoryAndTopanga # BoyMeetsWorld @ ABCNetwork # ElenaGilbertAndTheSalvatoreBrothers # TheVampireDiaries @ cwtvd # HomerAndMargeSimpson # TheSimpsons @ FoxTV,Greatest Couples Time https gallery greatest couples time source twitter medium social campaign social button sharing AprilAndAndy ParksAndRecreation DisneyStudios CoryAndTopanga BoyMeetsWorld ABCNetwork ElenaGilbertAndTheSalvatoreBrothers TheVampireDiaries cwtvd HomerAndMargeSimpson TheSimpsons FoxTV,positive,,,
8,ìNo one makes lists better than Leslie Knope!î 12.1: Make a List originalfunko # funkophotoaday . . . . . . . . . . # leslieknope # parksandrec # parksandrecreation # mouserat # amypoehlerÖ https://www.instagram.com/p/Bq3aYzthajy/?utm_source=ig_twitter_share&igshid=1tv8c8v3y029y Ö,makes lists better than Leslie Knope Make List originalfunko funkophotoaday leslieknope parksandrec parksandrecreation mouserat amypoehler https instagram aYzthajy source twitter share igshid,positive,,,
9,So # schur multiverse? # Brooklyn99 # goodplace # parksandrecreation # schurmultiverse,schur multiverse Brooklyn goodplace parksandrecreation schurmultiverse,positive,,,
BreakingBad,,,,60,40,https://i.ibb.co/RcLPdCj/Breaking-Bad.png
0,If Walter White went to church would he be a Methodist? # BreakingBad,Walter White went church would Methodist BreakingBad,negative,,,
1,"S3E6: Goodbye RV Walt is totally just training Gale to replace him in 3 months time. And Walt Jr is an Evertonian?!?! You can go off people, you know!! I hope he enjoyed tonightís game # LFC # EFC # BreakingBad",Goodbye Walt totally just training Gale replace months time Walt Evertonian people know hope enjoyed tonight game BreakingBad,positive,,,
2,# TiempoCompartido el que sale en la pelÌcula se parece a un actor de # BreakingBad,TiempoCompartido sale cula parece actor BreakingBad,positive,,,
3,S3E5: Is Skyler having doubts about the divorce? Or is she just getting money greedy? # BreakingBad,Skyler having doubts about divorce just getting money greedy BreakingBad,positive,,,
4,Bryan Cranston for breaking bad # pencil # BreakingBad # graphite # drawingpic.twitter.com/aHBAnHfdMW,Bryan Cranston breaking pencil BreakingBad graphite drawingpic twitter aHBAnHfdMW,negative,,,
5,# Fact: It's ILLEGAL to use a LEGAL NAME. [Legal = Fraud = Crime] Read and share the # BCCRSS: (http://legalnametruth.wordpress.com ) # sharingiscaring # NylanderWatch # MINvsNE # ONStorm # GlobalCitizenFestivalSA # UFCAdelaide # WilderFury # CFBPlayoff # MMA2018 # CHIvsNYG # RomaInter # BreakingBad pic.twitter.com/1RedjFuctf,Fact ILLEGAL LEGAL NAME Legal Fraud Crime Read share BCCRSS legalnametruth wordpress sharingiscaring NylanderWatch MINvsNE ONStorm GlobalCitizenFestivalSA UFCAdelaide WilderFury CFBPlayoff CHIvsNYG RomaInter BreakingBad twitter RedjFuctf,positive,,,
6,"[ # SERIES] # BetterCallSaul Si estabas necesitando una razÛn para ver el spin-off de # BreakingBad aquÌ @ 08Federock te da cinco... Porque sÌ, asÌ de fans todos nosotros... AquÌ el enlace:https://cuatrobastardos.com/2018/12/02/5-razones-para-ver-better-call-saul/ Ö",SERIES BetterCallSaul estabas necesitando para spin BreakingBad Federock cinco Porque fans todos nosotros enlace https cuatrobastardos razones para better call saul,positive,,,
7,Apart from # PrisonBreak # ThelastShip # Power # BreakingBad # GOT # SUITS Which other series be dope ?,Apart from PrisonBreak ThelastShip Power BreakingBad SUITS Which other series dope,negative,,,
8,Que buena publicidad de @ Nike # BreakingBad pic.twitter.com/UDwh5yTFJP,buena publicidad Nike BreakingBad twitter UDwh yTFJP,positive,,,
9,Walter finally crossed the line for me when he ... wait ... he never did ... he fucking rocked. # BreakingBad,Walter finally crossed line when wait never fucking rocked BreakingBad,negative,,,
HouseOfCards,,,,60,40,https://i.ibb.co/TRdPgvC/House-Of-Cards.png
0,CLAIRE UNDERWOOD COMO PRESIDENTA DE LOS EEUU Y SU GABINETE ENTERAMENTE FEMENINO ME HA DADO LA FUERZA PARA TERMINAR ESTE 2018 # HouseOfCards,CLAIRE UNDERWOOD COMO PRESIDENTA EEUU GABINETE ENTERAMENTE FEMENINO DADO FUERZA PARA TERMINAR ESTE HouseOfCards,positive,,,
1,I've just watched episode S01E03 of House of Cards! # houseofcards # tvtimehttps://tvtime.com/r/Oiyz,just watched episode House Cards houseofcards tvtimehttps tvtime Oiyz,negative,,,
2,"Termine de ver # HouseOfCards, realmente empieza muy bien. Pero a partir del 6to. capitulo pisan el acelerador, y la cagan. Transcurre todo muy rapido, cierres a personajes sin sentido ni explicacion. Ni hablar del pesimo final. Falta de ideas y un buen guion.",Termine HouseOfCards realmente empieza bien Pero partir capitulo pisan acelerador cagan Transcurre todo rapido cierres personajes sentido explicacion hablar pesimo final Falta ideas buen guion,negative,,,
3,Viens de regarder l'√©pisode S06E07 de House of Cards (...! # HouseofCards # tvtime https://tvtime.com/r/Oiqh pic.twitter.com/SyjSRxo0YN,Viens regarder pisode House Cards HouseofCards tvtime https tvtime Oiqh twitter SyjSRxo,positive,,,
4,Termin√≥ para siempre # HouseOfCards y con @ amarantalila descargamos todo nuestro enojo con ese final nefasto en el nuevo episodio de # Tom√°teloEnSerie (OMG estamos en Spotify)https://open.spotify.com/episode/0J32zl8mjNUL4zkgWNkG7x?si=ccODL4FiTce4Cfc8pP7qvA ‚Ä¶,Termin para siempre HouseOfCards amarantalila descargamos todo nuestro enojo final nefasto nuevo episodio teloEnSerie estamos Spotify https open spotify episode mjNUL zkgWNkG ccODL FiTce,positive,,,
5,I've just watched episode S06E07 of House of Cards (...! # HouseofCards # tvtimehttps://tvtime.com/r/OilO,just watched episode House Cards HouseofCards tvtimehttps tvtime OilO,negative,,,
6,Working on this new track right now writing a new song # HouseOfCards # SongbookSunday # music # lyrics # creativeprocess # songwriting # inspiration # jasminecrowepic.twitter.com/XMv68vGj7r,Working this track right writing song HouseOfCards SongbookSunday music lyrics creativeprocess songwriting inspiration jasminecrowepic twitter,positive,,,
7,I've just watched episode S06E06 of House of Cards (...! # HouseofCards # tvtime https://tvtime.com/r/Oijs pic.twitter.com/IhrrokQ5C4,just watched episode House Cards HouseofCards tvtime https tvtime Oijs twitter IhrrokQ,negative,,,
8,"–ù–æ —Å–∞–º–∞—è –∂–æ–ø–∞ –∏ –∞–ø–æ–≥–µ–π –≤—Å–µ–≥–æ –≤–æ–ø—Ä–æ—à–∞–Ω–∏—è –Ω–∞—Å—Ç—É–ø–∏–ª —Å–µ–π—á–∞—Å, –∫–æ–≥–¥–∞ —è —Å–º–æ—Ç—Ä—é –ü–û–õ–ò–¢–ò–ß–ï–°–ö–ò–ô –°–ï–†–ò–ê–õ –∏ –≥–∞–¥–∞—é, –æ —á–µ–º —Ç–∞–º –º–∞—Ç—å —Ç–≤–æ—é 6 —Å–µ–∑–æ–Ω–æ–≤? –¢–∏–ø–∞ –ø–æ–Ω—è—Ç–Ω–æ, —á—Ç–æ –≤ –ø–æ–ª–∏—Ç–∏–∫–µ –¥–æ—Ñ–∏–≥–∞ –∏–Ω—Ç—Ä–∏–≥ –∏ –≤—Å–µ —Ç–∞–∫–æ–µ, –Ω–æ —è –ø–æ–∫–∞ –Ω–µ –ø—Ä–µ–¥—Å—Ç–∞–≤–ª—è—é, —á—Ç–æ –º–µ–Ω—è –∂–¥—ë—Ç –∏ –±–æ—é—Å—å –¥—É–º–∞—Ç—å # HouseOfCards # –∫–∞—Ä—Ç–æ—á–Ω—ã–π–¥–æ–º–∏–∫",HouseOfCards,positive,,,
9,"–ù–æ –µ—Å–ª–∏ –≤ –°–≤–µ—Ä—Ö–∞—Ö –∏ –î–í —è –ø—ã—Ç–∞—é—Å—å –ø–æ–Ω—è—Ç—å, –æ—Ç–∫—É–¥–∞ —á–µ—Ä–ø–∞–ª–∏—Å—å –∏–¥–µ–∏, —Ç–æ –≤–æ—Ç –≤ –ú—ã—Å–ª–∏—Ç—å –∫–∞–∫ –ø—Ä–µ—Å—Ç—É–ø–Ω–∏–∫ —è –ø—Ä–æ—Å—Ç–æ –ö–ê–ö –£ –í–ê–° –ù–ï –ò–°–°–Ø–ö–õ–ê –§–ê–ù–¢–ê–ó–ò–Ø–• –ó–ê –°–¢–û–õ–¨–ö–û –°–ï–ó–û–ù–û–í? –ö–æ–≥–¥–∞ —Å—é–∂–µ—Ç –∫–∞—Å–∞–µ—Ç—Å—è —Ä–µ–∞–ª—å–Ω–æ–π –∂–∏–∑–Ω–∏ –±–µ–∑ –º–∞–≥–∏–∏ –º–Ω–µ –≤–æ–æ–±—â–µ –Ω–µ –ø–æ —Å–µ–±–µ, —á—Ç–æ —Å–µ—Ä–∏–∞–ª —Å—É—â–µ—Å—Ç–≤—É–µ—Ç —Å—Ç–æ–ª—å–∫–æ –ª–µ—Ç # HouseOfCards",HouseOfCards,positive,,,
ThisisUs,,,,70,30,https://i.ibb.co/kgRbbzK/ThisisUs.png
0,I'm watching This Is Us @ NBCThisisUs # ThisIsUs via @ TelfieApp # Telfiehttp://telfie.co/uK3BYT,watching This NBCThisisUs ThisIsUs TelfieApp Telfietelfie,negative,,,
1,"Todos dicen que Randall es el m·s parecido a Jack, yo creo que es Kevin, solo que no tiene como demostrarlo, es el Jack before Rebecca # THISISUS",Todos dicen Randall parecido Jack creo Kevin solo tiene como demostrarlo Jack before Rebecca THISISUS,positive,,,
2,This is beautiful # thisisus https://twitter.com/nbcthisisus/status/1069237250104467456 Ö,This beautiful thisisus https twitter nbcthisisus status,positive,,,
3,Bruh! My mind is numb! # ThisIsUs,Bruh mind numb ThisIsUs,negative,,,
4,NO PUEDO CREER QUE NICKY ESTA VIVO # THISISUS,PUEDO CREER NICKY ESTA VIVO THISISUS,positive,,,
5,Watching Kevin hug Randall after finding him in his office crying in a corner. # ThisIsUs pic.twitter.com/xHM4MJglPM,Watching Kevin Randall after finding office crying corner ThisIsUs twitter MJglPM,positive,,,
6,Beth and Randall better not break up or Iím done # ThisIsUs,Beth Randall better break done ThisIsUs,positive,,,
7,I could not care less about this storyline of Jack and Kevin in Vietnam # ThisIsUs,could care less about this storyline Jack Kevin Vietnam ThisIsUs,negative,,,
8,Waiting for # 15thjanuary # ThisIsUs,Waiting thjanuary ThisIsUs,positive,,,
9,"queria um marido que fosse um cadinho jack, um cadinho randall e um cadinho toby # ThisIsUs",queria marido fosse cadinho jack cadinho randall cadinho toby ThisIsUs,positive,,,
SexandtheCity,,,,90,10,https://i.ibb.co/JqDjYbB/Sexandthe-City.png
0,"‚ÄúFriends that travel together, stay together.‚Äù . . . # earthfocus # exploringglobe # tlpicks # trendywithapassport # sexandthecity # squadgoals # newyorkcity # discoverearth # welivetoexplore‚Ä¶ https://www.instagram.com/p/Bq53KS1AfVr/?utm_source=ig_twitter_share&igshid=m84ybpyuauce ‚Ä¶",Friends that travel together stay together earthfocus exploringglobe tlpicks trendywithapassport sexandthecity squadgoals newyorkcity discoverearth welivetoexplore https instagram AfVr source twitter share igshid ybpyuauce,positive,,,
1,"You are stunning, intelligent, and funny!! And what is she? ‚ÄúMarried.‚Äù That‚Äôs all. # SATC # SexandtheCity # CharlotteYork",stunning intelligent funny what Married That SATC SexandtheCity CharlotteYork,positive,,,
2,"‚ÄúRoss: First divorce: wife's hidden sexuality, not my fault. Second divorce: said the wrong name at the altar, kind of my f # # sexandthecity",Ross First divorce wife hidden sexuality fault Second divorce said wrong name altar kind sexandthecity,positive,,,
3,‰∫§ÈöõÊúüÈñì„ÅÆÂçäÂàÜ„ÅØÁµå„Åü„Å™„Åç„ÇÉ„Å®„Å¶„ÇÇÂøò„Çå„Çâ„Çå„Å™„ÅÑ„ÄÇ (Charlotte/2-1) # satc # sexandthecity pic.twitter.com/5MPfke01k6,Charlotte satc sexandthecity twitter MPfke,positive,,,
4,When Smith waits for Samantha # sexandthecity,When Smith waits Samantha sexandthecity,positive,,,
5,"La primera vez que vi # SexandtheCity ten√≠a 10 a√±os, todo me parec√≠a genial y absolutamente ajeno. 13 a√±os despu√©s me sigue pareciendo genial y sumamente familiar. Maes, esta serie es una Biblia.. tanto conocimiento.",primera SexandtheCity todo parec genial absolutamente ajeno despu sigue pareciendo genial sumamente familiar Maes esta serie Biblia tanto conocimiento,positive,,,
6,"‚ÄúTo be in a couple, do you have to put your single self on a shelf?‚Äù Sarah Jessica Parker # # sexandthecity",couple have your single self shelf Sarah Jessica Parker sexandthecity,negative,,,
7,What magazine? ‚ÄùConvenient Theories For You Monthly?‚Äù # SATC # SexandtheCity # MirandaHobbes,What magazine Convenient Theories Monthly SATC SexandtheCity MirandaHobbes,positive,,,
8,"‚ÄúSome people are settling down, some people are settling and some people refuse to settle for anything less than butterflie # # sexandthecity",Some people settling down some people settling some people refuse settle anything less than butterflie sexandthecity,positive,,,
9,"‚ÄúGET THAT THING OUT OF MY ASS OR I‚ÄôM GONNA SHIT ON IT!!‚Äù...I mean, is that the dirtiest thing you‚Äôve ever heard?! # SATC # SexandtheCity",THAT THING GONNA SHIT mean that dirtiest thing ever heard SATC SexandtheCity,positive,,,
GameofThrones,,,,60,40,https://i.ibb.co/bz1Gcq8/Gameof-Thrones.png
0,What if? You couldn't stream # GameofThrones # DaveChapelle # AmySchumer? Happened once. Find out at http://bit.ly/barneyswall_kick2 Öpic.twitter.com/f0XjHPJFWR,What couldn stream GameofThrones DaveChapelle AmySchumer Happened once Find barneyswall kick twitter XjHPJFWR,negative,,,
1,"We know that there's still one more season of # GameofThrones to come, but this box set is currently 38% off and that's fairly tempting. It might be # oneperfectgift. https://buff.ly/2TBCWbO pic.twitter.com/BTfP3XOMTE",know that there still more season GameofThrones come this currently that fairly tempting might oneperfectgift https buff TBCWbO twitter BTfP XOMTE,positive,,,
2,I was wondering how I was going to make it til the next season of # GameofThrones. # Individual1 and his shenanigans have been the perfect way to pass the time.pic.twitter.com/TV9pDfMeBp,wondering going make next season GameofThrones Individual shenanigans have been perfect pass time twitter pDfMeBp,positive,,,
3,Busy December. # thedarkknighttrilogy # harrypotter # starwars # gameofthrones # Bluraypic.twitter.com/2VfJQKXYJf,Busy December thedarkknighttrilogy harrypotter starwars gameofthrones Bluraypic twitter VfJQKXYJf,positive,,,
4,GOT GOT GOT GOT # gameofthrones https://twitter.com/Draeneirys/status/1069320360376582145 Ö,gameofthrones https twitter Draeneirys status,positive,,,
5,George R.R. Martin's 'Fire And Blood' Hints 'Game Of Thrones' Season 8 Finale # GeorgeRRMartin # FireandBlood # GameofThrones # GameofThronesSeason8 # GameofThronesFinalehttp://en.businesstimes.cn/articles/105399/20181130/george-r-r-martin-fire-and-blood-hints-game-of-thrones-season-8-finale.htm#.XARtp7b8r5o.twitter Ö,George Martin Fire Blood Hints Game Thrones Season Finale GeorgeRRMartin FireandBlood GameofThrones GameofThronesSeason GameofThronesFinaleen businesstimes articles george martin fire blood hints game thrones season finale htm# XARtp twitter,positive,,,
6,(via Game Of Laughs:https://twitter.com/GameOfLaughs ) # GameOfThrones pic.twitter.com/Zg2P1bH119,Game Laughs https twitter GameOfLaughs GameOfThrones twitter,positive,,,
7,"""Ad"" Game of thrones season 1-5 blu ray http://rover.ebay.com/rover/1/711-53200-19255-0/1?ff3=2&toolid=10039&campid=5335946188&customid=flyingtr&item=192745638779&vectorid=229466&lgeo=1&utm_source=dlvr.it&utm_medium=twitter Ö # GameOfThrones pic.twitter.com/jf4dn65hZk",Game thrones season rover ebay rover toolid campid customid flyingtr item vectorid lgeo source dlvr medium twitter GameOfThrones twitter,negative,,,
8,"""Ad"" Game of Thrones: Season 4 (Blu-ray+Digital, Limited Edition) NEW, free shipping http://rover.ebay.com/rover/1/711-53200-19255-0/1?ff3=2&toolid=10039&campid=5335946188&customid=flyingtr&item=163411050538&vectorid=229466&lgeo=1&utm_source=dlvr.it&utm_medium=twitter Ö # GameOfThrones pic.twitter.com/HMSzUdQuI0",Game Thrones Season Digital Limited Edition free shipping rover ebay rover toolid campid customid flyingtr item vectorid lgeo source dlvr medium twitter GameOfThrones twitter HMSzUdQuI,negative,,,
9,"""Ad"" Game of Thrones: Season 7 Dragonstone Steelbook (Blu-Ray) http://rover.ebay.com/rover/1/711-53200-19255-0/1?ff3=2&toolid=10039&campid=5335946188&customid=flyingtr&item=264070137893&vectorid=229466&lgeo=1&utm_source=dlvr.it&utm_medium=twitter Ö # GameOfThrones pic.twitter.com/LMpsLAD2On",Game Thrones Season Dragonstone Steelbook rover ebay rover toolid campid customid flyingtr item vectorid lgeo source dlvr medium twitter GameOfThrones twitter LMpsLAD,negative,,,
TheVampireDiaries,,,,90,10,https://i.ibb.co/HpWwHF8/The-Vampire-Diaries.png
0,"Detesto admitir, mas estou gostando bastante de @ cwlegacies. Julie Plac me fazendo de trouxa desde a 1¬™ temporada de # TheVampireDiaries.",Detesto admitir estou gostando bastante cwlegacies Julie Plac fazendo trouxa desde temporada TheVampireDiaries,positive,,,
1,"For my birthday my girlfriend got me a # Targaryen bookmark and a # TheVampireDiaries poster signed by # NinaDobrev, # PaulWesley and # IanSomerhalder. I was pretty impressed, honestly. I'm so thankful for her.",birthday girlfriend Targaryen bookmark TheVampireDiaries poster signed NinaDobrev PaulWesley IanSomerhalder pretty impressed honestly thankful,negative,,,
2,# TheVampireDiaries 7x01: echaba ya de menos a mis ni√±os.,TheVampireDiaries echaba menos,positive,,,
3,Ispartada okurken apartta internet k√∂t√º diye evimde 4 sezonuda indirmi≈ütim bilgisarayƒ± karƒ±≈ütƒ±rƒ±rken buldum vay be # TheVampireDiaries pic.twitter.com/LfmDpmSaYm,Ispartada okurken apartta internet diye evimde sezonuda indirmi bilgisaray rken buldum TheVampireDiaries twitter LfmDpmSaYm,positive,,,
4,# TheVampireDiaries # StefanSalvatore # TeenWolf # StilesStilinski,TheVampireDiaries StefanSalvatore TeenWolf StilesStilinski,positive,,,
5,# TheVampireDiaries # DamonSalvatore # The100 # BellamyBlake # TheOriginals # KlausMikaelson,TheVampireDiaries DamonSalvatore BellamyBlake TheOriginals KlausMikaelson,positive,,,
6,‚Ä¢Jingle Bells ‚Ä¢Katherine Fells ‚Ä¢Micheal Go Away ‚Ä¢Damon Is Hot ‚Ä¢Tyler Is Not ‚Ä¢Tvd All The Way! # TheVampireDiaries # robimyswiatecznynastroj,Jingle Bells Katherine Fells Micheal Away Damon Tyler TheVampireDiaries robimyswiatecznynastroj,positive,,,
7,NOVIDADES E LAN√áAMENTOS NETFLIX DA SEMANA - 1 a 9 Dezembro 2018 https://youtu.be/dE8dENdJI1c # theranch # netflix # netflixbrasil # serie # filme # cinema # dezembro # novidades # estreias # lan√ßamentos # sdv # news # not√≠cia # tvd # lucifer # thevampirediaries # game # jogo,NOVIDADES AMENTOS NETFLIX SEMANA Dezembro https youtu dENdJI theranch netflix netflixbrasil serie filme cinema dezembro novidades estreias amentos news lucifer thevampirediaries game jogo,positive,,,
8,# Legacies S1 promo pictures # Photography # Picture # Pic # TheVampireDiaries # mikaelmikaelson # mattdavis # mikaelsonfamily # kayleebryant # luluantariksa # alaricsaltzman # actors # tvdfamily‚Ä¶ https://www.instagram.com/p/Bq5muJwn6wS/?utm_source=ig_twitter_share&igshid=1vcu1lsj5ximd ‚Ä¶,Legacies promo pictures Photography Picture TheVampireDiaries mikaelmikaelson mattdavis mikaelsonfamily kayleebryant luluantariksa alaricsaltzman actors tvdfamily https instagram muJwn source twitter share igshid ximd,positive,,,
9,I really hate Damon idk how people love him and ship him and Elena...they're so dusty # TVD # thevampirediaries,really hate Damon people love ship Elena they dusty thevampirediaries,positive,,,
TeenWolf,,,,60,40,https://i.ibb.co/8j3CxtT/TeenWolf.png
0,i've just watched Teen Wolf S03E24 # TeenWolf # tvtime https://tvtime.com/r/OiJa pic.twitter.com/G35PxyJA1s,just watched Teen Wolf TeenWolf tvtime https tvtime OiJa twitter PxyJA,negative,,,
1,# TeenWolf gonna miss you y‚Äôall pic.twitter.com/OcpZ12P82g,TeenWolf gonna miss twitter OcpZ,positive,,,
2,"Why yes # TeenWolf is one of my favorite shows. And @ tylerhoechlin is one standup human being, and a total sweetheart. Thanks for taking time out, and showing up for the day! # HVFFSanJose # FFSanJose # HVFF # Supermanpic.twitter.com/mo25sC52fa",TeenWolf favorite shows tylerhoechlin standup human being total sweetheart Thanks taking time showing HVFFSanJose FFSanJose HVFF Supermanpic twitter,positive,,,
3,"Wheres my Teen Wolf heads out there, would u choose to be ur true self? Or the wolf, in the basketball finals? # teenwolfhead # teenwolf pic.twitter.com/fXG4lkhceM",Wheres Teen Wolf heads there would choose true self wolf basketball finals teenwolfhead teenwolf twitter lkhceM,negative,,,
4,Gotta cook dinner. # TeenWolf replies are coming up next. # BBS.,Gotta cook dinner TeenWolf replies coming next,negative,,,
5,Creo que Stiles y Danny eran una bonita pareja # TeenWolf pic.twitter.com/63QnKjUrLf,Creo Stiles Danny eran bonita pareja TeenWolf twitter QnKjUrLf,positive,,,
6,Actually depressing how i have two episodes of teen wolf left # teenwolf,Actually depressing have episodes teen wolf left teenwolf,negative,,,
7,1. Forme um pared√£o triplo. 2. Forme um barraco hist√≥rico. 3. Forme uma final dupla. 4. Elimine 1. 5. Escolha o vencedor. Derek # TeenWolf / Octavia # The100 / Rick # TheWalkingDead / Cordelia # AHS # s√©ries RT pra divulgar!pic.twitter.com/Ky3pWqdw1V,Forme pared triplo Forme barraco hist rico Forme final dupla Elimine Escolha vencedor Derek TeenWolf Octavia Rick TheWalkingDead Cordelia ries divulgar twitter pWqdw,positive,,,
8,# TheVampireDiaries # StefanSalvatore # TeenWolf # StilesStilinski,TheVampireDiaries StefanSalvatore TeenWolf StilesStilinski,positive,,,
9,# Supergirl NOVEDAD Fans de # TeenWolf... ¬øHab√≠ais reconocido a @ MichaelJVO en el √∫ltimo episodio? Interpret√≥ a Corey en la serie de @ MTV.pic.twitter.com/ZfFCCzA6cf,Supergirl NOVEDAD Fans TeenWolf reconocido MichaelJVO ltimo episodio Interpret Corey serie twitter ZfFCCzA,positive,,,
Westworld,,,,70,30,https://i.ibb.co/yFcg5YS/Westworld.png
0,work in Progress @ ogg_steven # sharpieart # stevenogg # officialstevenoggfanpage # finelinerart # blackandwhite # fanart # realistic # workinprogress # instagramartist # instagramart # popart # creative # blackwell # amcthewalkingdead # snowpiercer # westworld # stanagainstevil # heropic.twitter.com/qV2bsM9tG0,work Progress steven sharpieart stevenogg officialstevenoggfanpage finelinerart blackandwhite fanart realistic workinprogress instagramartist instagramart popart creative blackwell amcthewalkingdead snowpiercer westworld stanagainstevil heropic twitter,positive,,,
1,‚ÄòWest World‚Äô Warnings - What is 'West World' telling us about us? - via @ smedian_network # Westworld # BasicIncome # Economy # Automation # Technologyhttps://medium.com/@jarljensensocial_76795/west-world-warnings-89eb614f3a71?aduc=FaiusGT1543794003629 ‚Ä¶,West World Warnings What West World telling about smedian network Westworld BasicIncome Economy Automation Technologyhttps medium jarljensensocial west world warnings aduc FaiusGT,positive,,,
2,Szczƒôka opada Takie serie powinny siƒô pojawiaƒá na platformach VOD ;) PS. # WestWorld sp≈Çonƒô≈Ço https://www.youtube.com/attribution_link?a=XD3o6GVwEJg&u=%2Fwatch%3Fv%3D_vxiial1Jgk%26feature%3Dshare ‚Ä¶,Szcz opada Takie serie powinny pojawia platformach WestWorld https youtube attribution link GVwEJg Fwatch vxiial feature Dshare,positive,,,
3,# westworld You'll like it!!,westworld like,negative,,,
4,Enter to win # Westworld S2 on 4KHD/Blu-Ray from @ NerdRepository and @ drinksdiscourse:http://nerdrepository.com/4k-uhdbluray-giveaway-westworld-season-door/ ‚Ä¶,Enter Westworld from NerdRepository drinksdiscourse nerdrepository uhdbluray giveaway westworld season door,negative,,,
5,Si √ßa te saoule de voir que j'ai regard√© S02E07 de Westworld! # Westworld alors unfollow moi ??? # tvtime https://tvtime.com/r/Oica pic.twitter.com/fdijdJIfgq,saoule voir regard Westworld Westworld alors unfollow tvtime https tvtime Oica twitter fdijdJIfgq,positive,,,
6,Enter to win # Westworld S2 on 4KHD/Blu-Ray from @ NerdRepository and @ drinksdiscourse: http://nerdrepository.com/4k-uhdbluray-giveaway-westworld-season-door/ ‚Ä¶,Enter Westworld from NerdRepository drinksdiscourse nerdrepository uhdbluray giveaway westworld season door,negative,,,
7,New Years Resolution for 2019: To 100% love myself To appear in Westworld To star in a comedy series To star in a music video To be Miss Honey in Matilda the Musical # goals # westworld # love # NewYearsResolution # actorslife # hardworkpaysoff # singing # acting # comedy # Casting,Years Resolution love myself appear Westworld star comedy series star music video Miss Honey Matilda Musical goals westworld love NewYearsResolution actorslife hardworkpaysoff singing acting comedy Casting,positive,,,
8,# WestWorld # DailyGeekpic.twitter.com/Se2zuflWIs,WestWorld DailyGeekpic twitter zuflWIs,positive,,,
9,@ evanrachelwood @ TessaThompson_x @ WestworldGifs @ WestworldHBO # Westworld https://crazedflower93.tumblr.com/post/175364023440/one-should-truly-appreciate-all-the-subtle-hints ‚Ä¶,evanrachelwood TessaThompson WestworldGifs WestworldHBO Westworld https crazedflower tumblr post should truly appreciate subtle hints,positive,,,
Hannibal,,,,90,10,https://i.ibb.co/yS4dStC/Hannibal.png
0,"Well it's a show for both dreamers & intellectuals (a.k.a. crazy folks ). Visually stunning, full of iconic dialogues and deliciously looking food that is people. # Hannibal has so many layers that even 3 years after the cancellation fans are still finding new details! pic.twitter.com/zuVsarpk8g",Well show both dreamers intellectuals crazy folks Visually stunning full iconic dialogues deliciously looking food that people Hannibal many layers that even years after cancellation fans still finding details twitter zuVsarpk,positive,,,
1,ŸÖŸÜ ÿßŸÑÿ≠ŸÖÿßÿ± ÿßŸÑŸä ÿ≠ÿ±ŸÇ ÿπŸÑŸâ ŸÜŸÅÿ≥Ÿá # Hannibal ŸàŸáŸà ŸäÿØŸàÿ± ŸÖŸäŸÖÿ≤ ŸÑŸá ÿü pic.twitter.com/hwe4m9BjTi,Hannibal twitter BjTi,positive,,,
2,SEASON 2 FINALE SKJDFHLSKJDGHKLSJDBKSLJ OKA AY THEN???? ? JUST??? /?? ? OKAY THANKS FOR THAT I GUESS # hannibal,SEASON FINALE SKJDFHLSKJDGHKLSJDBKSLJ THEN JUST OKAY THANKS THAT GUESS hannibal,negative,,,
3,"Kind of reminds me of the black deer / ""Stag Man"" from the # Hannibal tv series. pic.twitter.com/0DsbOIWNJD",Kind reminds black deer Stag from Hannibal series twitter DsbOIWNJD,positive,,,
4,"Cadbury creepiness aside, we‚Äôre still waiting on Season 4 of # Hannibal, but this is a thing. pic.twitter.com/9dsKPWvh2s",Cadbury creepiness aside still waiting Season Hannibal this thing twitter dsKPWvh,positive,,,
5,"Because of the ""filling""!? # Hannibal pic.twitter.com/RmnQILcr7g",Because filling Hannibal twitter RmnQILcr,positive,,,
6,COOL # Hannibal art!! (You did it again! ) pic.twitter.com/WRfljreATF,COOL Hannibal again twitter WRfljreATF,positive,,,
7,# Hannibal https://twitter.com/erkekterimleri/status/1069329332668153862 ‚Ä¶,Hannibal https twitter erkekterimleri status,positive,,,
8,Sometimes it is amazing to be on top of the city ( Tunis ) feeling the ground and thinkin about your roots # visitTunisia # Hannibal is waitin' ..,Sometimes amazing city Tunis feeling ground thinkin about your roots visitTunisia Hannibal waitin,positive,,,
9,"People seriously think the Fannibal community gave up on any hopes of # Hannibal being renewed. Oh if you knew, don't worry, we're just hibernating but you're damn sure we'll break the Internet when season 4 is announced. pic.twitter.com/cWRSBl99yd",People seriously think Fannibal community gave hopes Hannibal being renewed knew worry just hibernating damn sure break Internet when season announced twitter cWRSBl,positive,,,
TheWalkingDead,,,,60,40,https://i.ibb.co/9bRS6K0/The-Walking-Dead.png
0,"The petition urging # TheWalkingDead producers not to kill Daryl‚Äôs ( @ wwwbigbaldhead) dog exceeds 50,000 signatures: https://comicbook.com/thewalkingdead/2018/12/02/the-walking-dead-daryl-dog-petition-fifty-thousand-signatures/ ‚Ä¶pic.twitter.com/cw84BPO2i3",petition urging TheWalkingDead producers kill Daryl wwwbigbaldhead exceeds signatures https comicbook thewalkingdead walking dead daryl petition fifty thousand signatures twitter,positive,,,
1,He‚Äôs so much nicer than The Governor! It‚Äôs great to see @ davemorrissey64 again at # FFSanJose # WSCSanJose # WalkerStalkerCon # TheWalkingDead pic.twitter.com/BfAe8GrkUo,much nicer than Governor great davemorrissey again FFSanJose WSCSanJose WalkerStalkerCon TheWalkingDead twitter BfAe GrkUo,negative,,,
2,Marduk y Armor King llegan desde esta semana a # Tekken 7 # Negan # TheWalkingDead https://tribugamer.com/2018/12/02/marduk-y-armor-king-llegan-desde-esta-semana-a-tekken-7/ ‚Ä¶pic.twitter.com/VuYTOMlfR5,Marduk Armor King llegan desde esta semana Tekken Negan TheWalkingDead https tribugamer marduk armor king llegan desde esta semana tekken twitter VuYTOMlfR,positive,,,
3,Officially caught up on # TheWalkingDead Gonna live tweet tonight‚Äôs episode! Stay tuned!,Officially caught TheWalkingDead Gonna live tweet tonight episode Stay tuned,positive,,,
4,Ross‚Äô impression of Matthew McConaughey if he got his arm cut off like Aaron @ RossMarquand # FFSanJose # TheWalkingDead # TWDpic.twitter.com/xkxm28lsVL,Ross impression Matthew McConaughey like Aaron RossMarquand FFSanJose TheWalkingDead TWDpic twitter xkxm lsVL,negative,,,
5,Had fun 2nd day volunteering at # WalkerStalker & Heroes & Villains # FanFest joint comic con in San Jose as a cannibal cook of # Terminus from # TheWalkingDead. # ThoseWhoArriveSurvive ‚Äî attending Heroes & Villains San Jose at San Jose McEnery Convention... https://www.facebook.com/45205204/posts/10101500062984003/ ‚Ä¶,volunteering WalkerStalker Heroes Villains FanFest joint comic Jose cannibal cook Terminus from TheWalkingDead ThoseWhoArriveSurvive attending Heroes Villains Jose Jose McEnery Convention https facebook posts,positive,,,
6,SEASON 3 - EPISODE 12 : Clear. PART 9/12 # Richonne # RickGrimes # Michonne # AndrewLincoln # DanaiGurira # TheWalkingDead # TWDpic.twitter.com/uNgUAIfWxP,SEASON EPISODE Clear PART Richonne RickGrimes Michonne AndrewLincoln DanaiGurira TheWalkingDead TWDpic twitter uNgUAIfWxP,positive,,,
7,"Got to love watching ""Revenge of it will be alright in the night"" and seeing @ wwwbigbaldhead on it # TheWalkingDead pic.twitter.com/pJroW5GvQC",love watching Revenge will alright night seeing wwwbigbaldhead TheWalkingDead twitter pJroW GvQC,negative,,,
8,# Negan Is Like # TWD # TWDFamily # TheWalkingDead # JDM # JeffreyDeanMorgan @ JDMorgan # Music # SupportNewMusic # SupportAllMusic # MusicWeLove # MusicFans @ acdc # ACDChttps://youtu.be/kNJS7HzLaV8,Negan Like TWDFamily TheWalkingDead JeffreyDeanMorgan JDMorgan Music SupportNewMusic SupportAllMusic MusicWeLove MusicFans acdc ACDChttps youtu kNJS HzLaV,positive,,,
9,I'm legit sad because I forgot # TheWalkingDead is not on again until February. Sundays are back to being the worst day.,legit because forgot TheWalkingDead again until February Sundays back being worst,negative,,,
TheHauntingofHillHouse,,,,60,40,https://i.ibb.co/0ySrgN0/The-Hauntingof-Hill-House.png
0,I can't sleep.. do I risk watching one episode of # TheHauntingOfHillHouse and get my @ OJACKSONCOHEN fix and probably have nightmares. Or watch kittens and sleep peacefully,sleep risk watching episode TheHauntingOfHillHouse OJACKSONCOHEN probably have nightmares watch kittens sleep peacefully,negative,,,
1,# watching # thehauntingofhillhouse # series # terror # suspense # netflix # tv # digital # shared https://www.instagram.com/p/Bq50pjpl3eW/?utm_source=ig_twitter_share&igshid=1ncmuoo7xm2lu ‚Ä¶,watching thehauntingofhillhouse series terror suspense netflix digital shared https instagram pjpl source twitter share igshid ncmuoo,positive,,,
2,Just finished watching - # TheHauntingOfHillHouse. Why the hell do White people keep living in those types of houses!!,Just finished watching TheHauntingOfHillHouse hell White people keep living those types houses,negative,,,
3,gonna shower and continue watching # TheHauntingOfHillHouse thanks xandy @ fancychampy it was on my list but i decided to watch sooner after you mentioned it,gonna shower continue watching TheHauntingOfHillHouse thanks xandy fancychampy list decided watch sooner after mentioned,positive,,,
4,Tout terrifiant qu'il soit # TheHauntingOfHillHouse est surtout un terrassant drama familial. Des airs de # sixfeetunder et ce n'est pas peu.,Tout terrifiant soit TheHauntingOfHillHouse surtout terrassant drama familial airs sixfeetunder,positive,,,
5,"Volv√≠ a ver el cap√≠tulo 5 de # TheHauntingOfHillHouse ""La Mujer de cuello roto"" y esta vez llor√©, la primera vez estaba aterrada, pero esta vez llor√© porque soy una maldita sentimental y no pod√≠a dejar de pensar que debe ser muy triste vivir todo el tiempo con miedo.",Volv tulo TheHauntingOfHillHouse Mujer cuello roto esta llor primera estaba aterrada pero esta llor porque maldita sentimental dejar pensar debe triste vivir todo tiempo miedo,positive,,,
6,"# TheHauntingOfHillHouse Lawd, I screamed and jumped at the car scene.",TheHauntingOfHillHouse Lawd screamed jumped scene,negative,,,
7,"Watching @ netflix # TheHauntingOfHillHouse S1 Ep3 ""Touch"" and are you telling me that little girl doesn't see that dude? Stop playing with my life right now! # GirlDontGo # StopTheMadnesspic.twitter.com/QoswuzF7Gz",Watching netflix TheHauntingOfHillHouse Touch telling that little girl doesn that dude Stop playing with life right GirlDontGo StopTheMadnesspic twitter QoswuzF,positive,,,
8,ho avuto la brillante idea di iniziare # TheHauntingOfHillHouse stasera alle dieci e adesso so gi√† che non potr√≤ vivere in pace finch√© non l‚Äôavr√≤ finita,avuto brillante idea iniziare TheHauntingOfHillHouse stasera alle dieci adesso potr vivere pace finch finita,positive,,,
9,"Just finished # TheHauntingOfHillHouse on @ netflix. I came for the scary, left with a broken heart and a permanent lump in my throat. I feel so attacked right now.",Just finished TheHauntingOfHillHouse netflix came scary left with broken heart permanent lump throat feel attacked right,negative,,,
Riverdale,,,,50,50,https://i.ibb.co/sWqnkMs/Riverdale.png
0,# Riverdale out here trying to murder me with episode 8 stills pic.twitter.com/iCNaevKJmj,Riverdale here trying murder with episode stills twitter iCNaevKJmj,negative,,,
1,New # Riverdale photos give the first look at Jughead's mom and sister: https://comicbook.com/tv-shows/2018/12/02/riverdale-season-3-episode-8-jughead-mom-sister-gladys-jellybean/ ‚Ä¶pic.twitter.com/ACe41RshRg,Riverdale photos give first look Jughead sister https comicbook shows riverdale season episode jughead sister gladys jellybean twitter RshRg,positive,,,
2,"Gente # riverdale √© bom, mas por favor, nada se compara a # friends n fa√ßam issohttps://twitter.com/warnerchannelbr/status/1069226176344817665 ‚Ä¶",Gente riverdale favor nada compara friends issohttps twitter warnerchannelbr status,negative,,,
3,"@ CW_Riverdale my least favorite character ( # Archie), and my most favorite character ( # Jughead), leaving the town of # Riverdale? LL I would be happy with one of them leaving but we all know they'll both be back to save Betty. # predictable",Riverdale least favorite character Archie most favorite character Jughead leaving town Riverdale would happy with them leaving know they both back save Betty predictable,negative,,,
4,# RIVERDALE,RIVERDALE,positive,,,
5,podia estar estudando mas resolvi assistir s√©rie # Riverdale Cap√≠tulo quarenta e um: Ca√ßador de assassinos S03E06 # tvtime https://tvtime.com/r/OiHV pic.twitter.com/mHIlVIlPnI,podia estar estudando resolvi assistir Riverdale tulo quarenta ador assassinos tvtime https tvtime OiHV twitter mHIlVIlPnI,positive,,,
6,# JusticeForJoaquin. His death better not be in vain. # Riverdale,JusticeForJoaquin death better vain Riverdale,negative,,,
7,I also need more screen time for our HBIC Cheryl # Riverdale,also need more screen time HBIC Cheryl Riverdale,positive,,,
8,Tbh I haven‚Äôt seen Archie as a ‚Äúheroic‚Äù since season 1 # Riverdale,haven seen Archie heroic since season Riverdale,positive,,,
9,@ CaseyCott Thanks for the slight cameo in my required drug and alcohol awareness course. Now I can enroll in next semesters classes. Where was this recorded? # Riverdale pic.twitter.com/VVksqq9MN3,CaseyCott Thanks slight cameo required drug alcohol awareness course enroll next semesters classes Where this recorded Riverdale twitter VVksqq,negative,,,
Sherlock,,,,70,30,https://i.ibb.co/v33x32Q/Sherlock.png
0,I've just watched episode S00E09 of Sherlock! # Sherlock # tvtimehttps://tvtime.com/r/OipK,just watched episode Sherlock Sherlock tvtimehttps tvtime OipK,negative,,,
1,I've just watched episode S02E01 of Sherlock! # Sherlock # tvtime https://tvtime.com/r/Oin3 pic.twitter.com/m5r4spzc0w,just watched episode Sherlock Sherlock tvtime https tvtime twitter spzc,negative,,,
2,"maldita seas XDDD Nominado por @ s3firot1 5 shows, 5 friends 1. # sherlock 2. # sobrenatural 3. # strangerthings 4. # preacher 5. # Stargate (todalasaga) @ Trazzto @ auronplay @ LVPibai @ flisflisher @ NetflixES XDDD ala as√≠ no molesto a la pe√±a y cumplo jajajajaja",maldita seas XDDD Nominado firot shows friends sherlock sobrenatural strangerthings preacher Stargate todalasaga Trazzto auronplay LVPibai flisflisher NetflixES XDDD molesto cumplo jajajajaja,positive,,,
3,Goodnight # sherlock pic.twitter.com/2C7d5fnTdR,Goodnight sherlock twitter fnTdR,positive,,,
4,# sherlock pic.twitter.com/6nYs5fVct0,sherlock twitter fVct,positive,,,
5,"Ma @ ParamountItalia perch√© non fa partire un bel rewatch invernale, magari durante le feste, di # Sherlock eh?",ParamountItalia perch partire rewatch invernale magari durante feste Sherlock,negative,,,
6,"Born # OTD in 1837, the inspiration for # Sherlock Holmes, Joseph Bell, JP, DL, FRCSE (2 Dec 1837 ‚Äì 4 Oct 1911). Had ACD never met Bell in 1877, or served as his clerk at the Edinburgh Royal Infirmary, there likely never would have been a Sherlock Holmes. Raise a glass to him! pic.twitter.com/vOjWLAfNK7",Born inspiration Sherlock Holmes Joseph Bell FRCSE never Bell served clerk Edinburgh Royal Infirmary there likely never would have been Sherlock Holmes Raise glass twitter vOjWLAfNK,negative,,,
7,"ach, wer braucht schon schlaf! ich schaue jetzt # sherlock und esse kekse.",braucht schon schlaf schaue jetzt sherlock esse kekse,positive,,,
8,I've just watched episode S02E03 of Sherlock! # Sherlock ? # tvtime https://tvtime.com/r/OhFH pic.twitter.com/b3EfvIOiSQ,just watched episode Sherlock Sherlock tvtime https tvtime OhFH twitter EfvIOiSQ,negative,,,
9,"I'm an idiot! Again, with the right TB this time : TB @ SH_JW_2010 5 shows I to watch 1 # Sherlock 2 # DoctorWho 3 # PeakyBlinders 4 # broadchurch 5 # Scrubs",idiot Again with right this time shows watch Sherlock DoctorWho PeakyBlinders broadchurch Scrubs,negative,,,
HowtogetawaywithMurder,,,,60,40,https://i.ibb.co/GWCMY6d/Howtogetawaywith-Murder.png
0,# NewAmsterdam quella futura malattia tra # GreysAnantomy e # HowToGetAwayWithMurder Povera meeee,NewAmsterdam quella futura malattia GreysAnantomy HowToGetAwayWithMurder Povera meeee,positive,,,
1,Hi to Connor and Oliver I love you damn so much! # HowToGetAwayWithMurder @ RestingPlatypus @ conradricamora,Connor Oliver love damn much HowToGetAwayWithMurder RestingPlatypus conradricamora,positive,,,
2,Unpopular opinion: Laurel was the worst of the keating 4 # HowToGetAwayWithMurder,Unpopular opinion Laurel worst keating HowToGetAwayWithMurder,negative,,,
3,Lmao only Here @ violadavis # HowToGetAwayWithMurder pic.twitter.com/VBEnstRuco,Lmao only Here violadavis HowToGetAwayWithMurder twitter VBEnstRuco,positive,,,
4,My favorite thing about Viola Davis in # HowToGetAwayWithMurder I'd how she agressively eats crisps,favorite thing about Viola Davis HowToGetAwayWithMurder agressively eats crisps,negative,,,
5,Holy shit # HowToGetAwayWithMurder finale is a twist,Holy shit HowToGetAwayWithMurder finale twist,positive,,,
6,ALGUEM PELO AMOR DE DEUS SABE ONDE EU POSSO ASSISTIR # HowToGetAwayWithMurder pela internet,ALGUEM PELO AMOR DEUS SABE ONDE POSSO ASSISTIR HowToGetAwayWithMurder pela internet,positive,,,
7,De verdad que # HowToGetAwayWithMurder es una seriononona. En cada cap√≠tulo quedo en shock.,verdad HowToGetAwayWithMurder seriononona cada tulo quedo shock,negative,,,
8,# HowToGetAwayWithMurder Really? R u serious? Its been 15 days since the last episode released!,HowToGetAwayWithMurder Really serious been days since last episode released,positive,,,
9,I did a binge watch on # HowToGetAwayWithMurder! So good!,binge watch HowToGetAwayWithMurder good,negative,,,
Dexter,,,,80,20,https://i.ibb.co/6nqmYMb/dexter.png
0,This useful article has many tips for home owners as we enter the cold months of winter. If you are in need of a heating system replacement you may be eligible for rebates totaling up to $1500! Call us today! # Ypsilanti # MilanMI # AnnArbor # Saline # Dexter https://www.clickondetroit.com/consumer/7-ways-to-cut-your-home-heating-costs-during-michigans-cold-months ‚Ä¶,This useful article many tips home owners enter cold months winter need heating system replacement eligible rebates totaling Call today Ypsilanti MilanMI AnnArbor Saline Dexter https clickondetroit consumer ways your home heating costs during michigans cold months,positive,,,
1,Of course they had to kill off my girl Rita. # dexter,course they kill girl Rita dexter,negative,,,
2,Chicken in the oven. Moscato on chill. Netflix binge of # DEXTER,Chicken oven Moscato chill Netflix binge DEXTER,negative,,,
3,ÿ®ŸäŸàŸÖ ŸàŸÜÿµ ŸàÿµŸÑÿ™ ŸÑŸÑÿ≠ŸÑŸÇŸá 5 ÿ®ÿßŸÑŸÖŸàÿ≥ŸÖ ÿßŸÑÿ´ÿßŸÜŸä .... Ÿàÿßÿ∂ÿ≠ ÿßŸÜŸä ŸÅÿßÿ∂ŸäŸá # Dexter,Dexter,positive,,,
4,... ŸÖŸÜ ÿßŸÇŸàŸâ ÿßŸÑŸÖÿ≥ŸÑÿ≥ŸÑÿßÿ™ ŸÖÿ™ÿ≠ŸÖÿ≥Ÿá ŸàÿßÿÆÿßŸÅ ÿßÿÆŸÑÿµŸá ÿ®ÿ≥ÿ±ÿπŸá # dexter pic.twitter.com/Uix1DAv0xF,dexter twitter,positive,,,
5,Erinnert mich MEGA an # Dexter! Ich liebe diese Musik.,Erinnert mich MEGA Dexter liebe diese Musik,positive,,,
6,# Dexter is one of my top fav. tv shows ever !!!!!! Still can't deal they didn't make another season,Dexter shows ever Still deal they didn make another season,positive,,,
7,"I don't always agree with your stances, but wanted to say your performance in Supernatural is stellar. Nick is so separate. Much love @ MarkRPellegrino Also loved you in # Dexter",always agree with your stances wanted your performance Supernatural stellar Nick separate Much love MarkRPellegrino Also loved Dexter,positive,,,
8,Evening Finn. I‚Äôm on a sleepover at Grandad & Grandmas and I‚Äôm hoping this look will lead to some of their aromatic crispy duck from the Chinese. God loves a trier # Dexter pic.twitter.com/78xBoDIelp,Evening Finn sleepover Grandad Grandmas hoping this look will lead some their aromatic crispy duck from Chinese loves trier Dexter twitter xBoDIelp,positive,,,
9,"A segunda temporada de # Dexter tem s√©rios problemas de desenvolvimento, assim como a primeira, muita enrola√ß√£o e pouqu√≠ssimos acontecimentos, requer paci√™ncia e olha ainda estou no quinto epis√≥dio.",segunda temporada Dexter rios problemas desenvolvimento assim como primeira muita enrola pouqu ssimos acontecimentos requer paci ncia olha ainda estou quinto epis,positive,,,
TheWire,,,,60,40,https://i.ibb.co/8jWRZ0J/TheWire.png
0,Marlo ‚ÄòBlack‚Äô Stanfield Pullover Hoodie now available @fashjunk.storenvy.com # fashjunk # fashion # marlo # thewire # bighustlerpic.twitter.com/FDwe4qgnbW,Marlo Black Stanfield Pullover Hoodie available fashjunk storenvy fashjunk fashion marlo thewire bighustlerpic twitter FDwe qgnbW,negative,,,
1,Ends Today! Save 25% on official ‚Å¶ @ IsiahWhitlockJr‚Å© apparel at Redbubble using Promo Code: CLOTHES25 # ClayDavis # TheWire # GiftIdeashttps://www.redbubble.com/people/isiahwhitlockjr/works/35402642-sheeeeeeeee-it-streetwear?p=lightweight-raglan-sweatshirt ‚Ä¶,Ends Today Save official IsiahWhitlockJr apparel Redbubble using Promo Code CLOTHES ClayDavis TheWire GiftIdeashttps redbubble people isiahwhitlockjr works sheeeeeeeee streetwear lightweight raglan sweatshirt,positive,,,
2,"We do this to everyone with # TheWire. If our beaux can‚Äôt dig Season 2, they‚Äôre not The One. pic.twitter.com/a2AqQ58Gq0",this everyone with TheWire beaux Season they twitter,positive,,,
3,# Sheeeeeeeeeit! Just in time for the holidays.... the greeting cards @ WireFans will love... at the new @ IsiahWhitlockJr store on Redbubble. But any 3 and get 20% off! # ClayDavis # TheWire https://www.redbubble.com/people/isiahwhitlockjr/works/35371947-clay-davis-the-card-that-says-it-all?asc=u&card_size=4x6&grid_pos=16&p=greeting-card&rbs=47f9b44a-4678-443a-8642-b2b5394b8d94&ref=artist_shop_grid ‚Ä¶,Sheeeeeeeeeit Just time holidays greeting cards WireFans will love IsiahWhitlockJr store Redbubble ClayDavis TheWire https redbubble people isiahwhitlockjr works clay davis card that says card size grid greeting card artist shop grid,positive,,,
4,En train de chiller dans Tel Aviv... jusqu‚Äôau moment o√π j‚Äôentends une reprise de Efige Efige... # thewire # triggeredhttps://www.youtube.com/watch?v=7Fqi9w2OafQ&feature=share ‚Ä¶,train chiller dans Aviv jusqu moment entends reprise Efige Efige thewire triggeredhttps youtube watch OafQ feature share,negative,,,
5,El juego est√° ama√±ado pero no puedes perder si no juegas. # TheWire # Series,juego pero puedes perder juegas TheWire Series,positive,,,
6,"Ok. Let's see 5 best dramas. In no particular order. # BreakingBad, # NYPDBlue, # GangRelated, # TheWire, # TheAffair. Enjoy watching reruns of any of those.",best dramas particular order BreakingBad NYPDBlue GangRelated TheWire TheAffair Enjoy watching reruns those,positive,,,
7,"‚ÄúY‚Äôall might need to think this through and stop wasting my time, ‚Äôcause Omar can come back tomorrow. And the next day. And the next day.‚Äù # TheWire https://www.instagram.com/p/Bq5HDG1g8CX/?utm_source=ig_twitter_share&igshid=rgpupscz7ppf ‚Ä¶",might need think this through stop wasting time cause Omar come back tomorrow next next TheWire https instagram source twitter share igshid rgpupscz,negative,,,
8,"Just started my first episode of # thewire if I hate it, I'm going to write a strongly worded tweet to @ Jimmypisfunny # smalltownmurder",Just started first episode thewire hate going write strongly worded tweet Jimmypisfunny smalltownmurder,negative,,,
9,"So, we like US dramas in the Pickle and Nancy household, so here goes! # TheSopranos # Narcos # Homecoming # Ozark # TheWire. If you‚Äôre up for it we nominate @ OfSniff @ AngelaC51335397 @ andrealw78 @ owenclark3",like dramas Pickle Nancy household here goes TheSopranos Narcos Homecoming Ozark TheWire nominate OfSniff AngelaC andrealw owenclark,positive,,,
Suits,,,,70,30,https://i.ibb.co/WcPzqv4/Suits.png
0,Alimentando o v√≠cio assistindo S01E02 of Suits! # Suits # tvtime https://tvtime.com/r/OiDM pic.twitter.com/GUFeiiqDsL,Alimentando assistindo Suits Suits tvtime https tvtime OiDM twitter GUFeiiqDsL,positive,,,
1,I've just watched episode S08E07 of Suits! # Suits # tvtime https://tvtime.com/r/OiAu pic.twitter.com/QibQYoPQR6,just watched episode Suits Suits tvtime https tvtime OiAu twitter QibQYoPQR,negative,,,
2,"'Love is not just that you look at each other, but that you look together in the same direction...' # Darvey # Suits @ sarahgrafferty @ GabrielMacht @ tmusings @ vickster51 @ GabrielMachtFanpic.twitter.com/ZB85oXcLxl",Love just that look each other that look together same direction Darvey Suits sarahgrafferty GabrielMacht tmusings vickster GabrielMachtFanpic twitter oXcLxl,positive,,,
3,"Fine lines: the # PreSpring2019 # 205W39NYC collection features tailored coats with artfully curved sleeves, accented by our Bonnie shoulder bag. Discover more: http://ckle.in/2qiTo6 # CALVINKLEIN pic.twitter.com/SE5lKFLVUD # suits # suitsexpert # suit",Fine lines PreSpring collection features tailored coats with artfully curved sleeves accented Bonnie shoulder Discover more ckle qiTo CALVINKLEIN twitter lKFLVUD suits suitsexpert suit,positive,,,
4,"To be honest... When I read the answers from AK in the QA 2day, I get more and more the impression that this man is totally crazy... And he is the man who should design us a sensible # Darvey storyline...??? I can't believe that... @ tmusings @ vickster51 @ GabrielMachtFan # Suits",honest When read answers from more more impression that this totally crazy should design sensible Darvey storyline believe that tmusings vickster GabrielMachtFan Suits,positive,,,
5,YESSSSSSSSS # CountingTheDays # Suits pic.twitter.com/6Y7y0TtX8u,YESSSSSSSSS CountingTheDays Suits twitter,positive,,,
6,Louis Litt es muy tonto # Suits,Louis Litt tonto Suits,positive,,,
7,I've just watched episode S04E07 of Suits! # Suits Good # tvtime https://tvtime.com/r/OisH pic.twitter.com/YMDfX8xUMI,just watched episode Suits Suits Good tvtime https tvtime OisH twitter YMDfX xUMI,negative,,,
8,Sunday‚Äôs Best designed for @ hammypacquiao by # JulianAbdul. ‚Ä¢ ‚Ä¢ ‚Ä¢ ‚Ä¢ ‚Ä¢ # mensfashion # menswear # mensstyle # suits # bespoke # fashion # men # style # fashion # denver # broncos # nfl # ootd,Sunday Best designed hammypacquiao JulianAbdul mensfashion menswear mensstyle suits bespoke fashion style fashion denver broncos ootd,negative,,,
9,Sunday‚Äôs Best designed for @ SkeeterMills__ by # JulianAbdul. ‚Ä¢ ‚Ä¢ ‚Ä¢ ‚Ä¢ ‚Ä¢ # mensfashion # menswear # mensstyle # suits # bespoke # fashion # men # style # fashion # denver # broncos # nfl # ootd https://www.instagram.com/p/Bq5zSfCgnjh/?utm_source=ig_twitter_share&igshid=epv3b7k7nzd5 ‚Ä¶,Sunday Best designed SkeeterMills JulianAbdul mensfashion menswear mensstyle suits bespoke fashion style fashion denver broncos ootd https instagram zSfCgnjh source twitter share igshid,positive,,,
Sense8,,,,100,0,https://i.ibb.co/z543nv6/Sense8.png
0,# Sense8 sense8 # Netflix @ netflix # Sense8Revolution # Sense8NetflixRewatch https://youtu.be/k1XiMVMzH8A # whatsgoingon # 4nonblondes Twenty-five years and my life is still Trying to get up‚Ä¶ https://www.instagram.com/p/Bq53FuHgspu/?utm_source=ig_twitter_share&igshid=j913bq64auuj ‚Ä¶,Sense sense Netflix netflix Sense Revolution Sense NetflixRewatch https youtu XiMVMzH whatsgoingon nonblondes Twenty five years life still Trying https instagram FuHgspu source twitter share igshid auuj,positive,,,
1,When I watch # Sense8 I always wish that I have that same connection with the places I‚Äôm dreaming to visit. # sensation # night_thoughts # Season2 # traveling # ToDoList,When watch Sense always wish that have that same connection with places dreaming visit sensation night thoughts Season traveling ToDoList,positive,,,
2,"to all # daredevil fans who have recently had their show cancelled, we # sense8 fans understand how you feel. how about we all ask for both to be brought back and make twice the noise for both shows??",daredevil fans have recently their show cancelled sense fans understand feel about both brought back make twice noise both shows,positive,,,
3,Maybe I'm overthinking but Is there any connection in # sense8 between Felix calling out 58 minutes and Dani needing 58 minutes? @ S8Revolution @ sense8 # Sense8NetflixRewatch,Maybe overthinking there connection sense between Felix calling minutes Dani needing minutes Revolution sense Sense NetflixRewatch,positive,,,
4,Sense8 Season 3 is Written. http://chng.it/RkJnsLWy # sense8 # Netflix,Sense Season Written chng RkJnsLWy sense Netflix,positive,,,
5,Let's go! # Sense8 @ sense8 # Sense8Revolution # Sense8Effect # Sense8NetflixRewatch,Sense sense Sense Revolution Sense Effect Sense NetflixRewatch,positive,,,
6,""" # Visiting is not something you make happen. It is something you let happen ~ # Sharing is something you can only do inside your # cluster, accessing each other's knowledge, language, skill..."" # Sense8NetflixRewatch S1E04 # Whatsgoingon? # Sense8 # Sense8Revolution pic.twitter.com/qCqvUx7VKR",Visiting something make happen something happen Sharing something only inside your cluster accessing each other knowledge language skill Sense NetflixRewatch Whatsgoingon Sense Sense Revolution twitter qCqvUx,positive,,,
7,"Ok, tell me this wasn‚Äôt a grip truck/building reused as set design for # Sense8? Unless im mistaken, isn‚Äôt that a boom mike in the background m? # Sense8NetflixRewatch # Sense8family @ MaximilienneEw1 @ tinadesai07 @ FreemaOfficialpic.twitter.com/cCjXLNGyth",tell this wasn grip truck building reused design Sense Unless mistaken that boom mike background Sense NetflixRewatch Sense family MaximilienneEw tinadesai FreemaOfficialpic twitter cCjXLNGyth,positive,,,
8,# Sense8family FOREVER! @ mumbi_maina share the Revolution! # Sense8 # Sense8Revolution # Sense8Effect # Sense8NetflixRewatch! ~ @Regran_ed from @ mumbi_maina - So excited to be working‚Ä¶ https://www.instagram.com/p/Bq5w-CBAGjO/?utm_source=ig_twitter_share&igshid=1k0r94gphqefy ‚Ä¶,Sense family FOREVER mumbi maina share Revolution Sense Sense Revolution Sense Effect Sense NetflixRewatch Regran from mumbi maina excited working https instagram CBAGjO source twitter share igshid gphqefy,positive,,,
9,Great @ BrianJacobSmith! Just in time for the # Sense8NetflixRewatch month! # BrianJacobSmith # WillGorski FOREVER # Sense8 sense8 # Sense8family | sense8 IMPOSSIBILITY IS ALWAYS A‚Ä¶ https://www.instagram.com/p/Bq5wZZtgCM5/?utm_source=ig_twitter_share&igshid=knm9961u4hkm ‚Ä¶,Great BrianJacobSmith Just time Sense NetflixRewatch month BrianJacobSmith WillGorski FOREVER Sense sense Sense family sense IMPOSSIBILITY ALWAYS https instagram wZZtgCM source twitter share igshid,positive,,,
AlteredCarbon,,,,70,30,https://i.ibb.co/q9Tzvrq/Altered-Carbon.png
0,"Just noticed that Recollectionist from # AlmostHuman and Captain Tanaka from # AlteredCarbon are both portrayed by great Hiro Kanagawa ( @ hirokanagawatv), who has also appeared in many other movies and series I watched and like.pic.twitter.com/QHUcGCaZdA",Just noticed that Recollectionist from AlmostHuman Captain Tanaka from AlteredCarbon both portrayed great Hiro Kanagawa hirokanagawatv also appeared many other movies series watched like twitter QHUcGCaZdA,positive,,,
1,I've just watched episode S01E05 of Altered Carbon! # alteredcarbon # tvtimehttps://tvtime.com/r/OhLg,just watched episode Altered Carbon alteredcarbon tvtimehttps tvtime OhLg,negative,,,
2,I've just watched episode S01E08 of Altered Carbon! # alteredcarbon # tvtime https://tvtime.com/r/OhGi pic.twitter.com/4GAbmfQ09e,just watched episode Altered Carbon alteredcarbon tvtime https tvtime OhGi twitter GAbmfQ,negative,,,
3,I've just watched episode S01E04 of Altered Carbon! # alteredcarbon # tvtime https://tvtime.com/r/OhkL,just watched episode Altered Carbon alteredcarbon tvtime https tvtime OhkL,negative,,,
4,"""Cuando cre√≠ste en una mentira durante mucho tiempo, la verdad no te libera. Te hace a un lado..."" # alteredcarbon Si no la vieron... recomiendo... # Netflixpic.twitter.com/SJcjn0Ej21",Cuando mentira durante mucho tiempo verdad libera hace lado alteredcarbon vieron recomiendo Netflixpic twitter SJcjn,positive,,,
5,# theendofthefuckingworld # patrickmelrose # alteredcarbon # masterofnone # marcopolo # Theterror # Maniac # GirlBoss „Äã 23 # HBO dizisi # gameofthrones # got # BandOfBrothers # TheWire # westworld # thesopranos # truedetective # Rome # SiliconValley # sixfeetunder # deadwood # sharpobjects,theendofthefuckingworld patrickmelrose alteredcarbon masterofnone marcopolo Theterror Maniac GirlBoss dizisi gameofthrones BandOfBrothers TheWire westworld thesopranos truedetective Rome SiliconValley sixfeetunder deadwood sharpobjects,positive,,,
6,Altered Carbon is my fav telly thing for ages. Up to episode 6 and am constantly thinking about the next available time to watch it # alteredcarbon @ AltCarb @ NetflixUK,Altered Carbon telly thing ages episode constantly thinking about next available time watch alteredcarbon AltCarb NetflixUK,positive,,,
7,"serial te≈º niez≈Çy, polecam # AlteredCarbon",serial niez polecam AlteredCarbon,positive,,,
8,Itching for # Cyberpunk2077 ? Can't wait for # AlteredCarbon Season 2? Just need a fix of tech-noir downloaded directly to your brain? Check out 'Silicon Burning' by Thomas McCaughley! Just... https://www.amazon.co.uk/Silicon-Burning-Singularity-Rising-Book-ebook/dp/B07611LQ77/ ‚Ä¶,Itching Cyberpunk wait AlteredCarbon Season Just need tech noir downloaded directly your brain Check Silicon Burning Thomas McCaughley Just https amazon Silicon Burning Singularity Rising Book ebook,positive,,,
9,Itching for # Cyberpunk2077 ? Can't wait for # AlteredCarbon Season 2? Just need a fix of tech-noir downloaded directly to your brain? Check out 'Silicon Burning' by Thomas McCaughley! Just ¬£1.99/$2.55! A Cyberpunk thriller that will keep you guessing! https://www.amazon.co.uk/Silicon-Burning-Singularity-Rising-Book-ebook/dp/B07611LQ77/ ‚Ä¶,Itching Cyberpunk wait AlteredCarbon Season Just need tech noir downloaded directly your brain Check Silicon Burning Thomas McCaughley Just Cyberpunk thriller that will keep guessing https amazon Silicon Burning Singularity Rising Book ebook,positive,,,
Gotham,,,,70,30,https://i.ibb.co/n0YdYDD/Gotham.png
0,Premi√®re photo promotionnelle pour ¬´ Gotham ¬ª saison 5 # Gotham http://www.universdescomics.com/2018/12/03/premiere-photo-promotionnelle-pour-gotham-saison-5/ ‚Ä¶pic.twitter.com/hYwTBxq4fQ,Premi photo promotionnelle pour Gotham saison Gotham universdescomics premiere photo promotionnelle pour gotham saison twitter hYwTBxq,positive,,,
1,Also he told the kid to hide in the office and stay quietly but he was ABSOLUTELY not telling him that quietly. # Gotham,Also told hide office stay quietly ABSOLUTELY telling that quietly Gotham,positive,,,
2,‚ÄúNo one should be here!‚Äù My dude was LITERALLY just like ‚ÄúSO PEOPLE WOULD KILL FOR THIS ARTEFACT THAT A VERY FOLLOWABLE TEENAGER PUBLICLY BOUGHT AT AN AUCTION‚Äù but SURE answer the fucking door. WHY NOT # Gotham,should here dude LITERALLY just like PEOPLE WOULD KILL THIS ARTEFACT THAT VERY FOLLOWABLE TEENAGER PUBLICLY BOUGHT AUCTION SURE answer fucking door Gotham,negative,,,
3,Repost La Conve # GOTHAM # RobinLordTaylorpic.twitter.com/sdjNJ761PI,Repost Conve GOTHAM RobinLordTaylorpic twitter sdjNJ,positive,,,
4,"# VictorZsasz and his ladies # Gotham # anthonycarrigan love you a bunch! @ Anth_Carrigan I wish you continuing success. (I watch you on hbo, too) lol! Thanks so much for giving us the‚Ä¶ https://www.instagram.com/p/Bq53PB0HAoh/?utm_source=ig_twitter_share&igshid=ru8ptr0mp3p2 ‚Ä¶",VictorZsasz ladies Gotham anthonycarrigan love bunch Anth Carrigan wish continuing success watch Thanks much giving https instagram HAoh source twitter share igshid,positive,,,
5,"Happy Birthday to @ tom_calderone our favourite # JoeTheCop from # Gotham, your devotion and enthusiam to the show is one of the things that makes it so special, keep it up and have a great day!",Happy Birthday calderone favourite JoeTheCop from Gotham your devotion enthusiam show things that makes special keep have great,positive,,,
6,Jenkins underrated pra crlh tbm # Jets # NYJvsTEN # Gotham,Jenkins underrated crlh Jets NYJvsTEN Gotham,positive,,,
7,Come on brain think of things Come on brain think of things Come on brain be so smart # Gotham,Come brain think things Come brain think things Come brain smart Gotham,negative,,,
8,Literally thought this old man was going to pull a Professor Oak like ‚ÄòAnd this is my delightful grandson. What was his name again?‚Äô # Gotham,Literally thought this going pull Professor like this delightful grandson What name again Gotham,negative,,,
9,"@ tom_calderone Happy birthday to one of the nicest people out there, and the best castmember/fan of the show! # Gotham # JoeTheCop",calderone Happy birthday nicest people there best castmember show Gotham JoeTheCop,positive,,,
OrangeisthenewBlack,,,,80,20,https://i.ibb.co/Lx3qTgD/Orangeisthenew-Black.png
0,Dude shit just hit the fan # OrangeIsTheNewBlack # seson5,Dude shit just OrangeIsTheNewBlack seson,positive,,,
1,Piper et Alex sont d'un ennui ............... # OrangeIsTheNewBlack,Piper Alex sont ennui OrangeIsTheNewBlack,negative,,,
2,"Et oui je reprends lol # OrangeIsTheNewBlack 6X12 Carole et Barb ne s'entretuent pas, mais c'est pour mieux pr√©par√© leur strat√©gie pour achever l'autre lol",reprends OrangeIsTheNewBlack Carole Barb entretuent mais pour mieux leur strat pour achever autre,positive,,,
3,http://www.bemidjipioneer.com/news/crime-and-courts/4536914-assault-victim-runs-over-murder-suspect-during-carjacking-central-minn#.XARnpr3zvoo.twitter ‚Ä¶ this guy got out of prison just 10 days before pulling this. # OrangeIsTheNewBlack,bemidjipioneer news crime courts assault victim runs over murder suspect during carjacking central minn# XARnpr zvoo twitter this prison just days before pulling this OrangeIsTheNewBlack,positive,,,
4,# idkdo # No√´l2018 J'ai ajout√© le # livre de # recettes de la # s√©rie # OrangeIsTheNewBlack # OITNB √† la s√©lection d'une trentaine de bouquins de cuisine √† offrir aux fans de # s√©riespolici√®res ! http://www.sktv.fr/culture/les-blogueuses-preparent-noel-2013-idees-cadeaux-la-cuisine-du-crime/ ‚Ä¶pic.twitter.com/PSvmxf9JAz,idkdo ajout livre recettes OrangeIsTheNewBlack OITNB lection trentaine bouquins cuisine offrir fans riespolici sktv culture blogueuses preparent noel idees cadeaux cuisine crime twitter PSvmxf,positive,,,
5,# OrangeIsTheNewBlack 2x09,OrangeIsTheNewBlack,positive,,,
6,# VisAVis es la copia BARATA de # OrangeIsTheNewBlack confirmado,VisAVis copia BARATA OrangeIsTheNewBlack confirmado,positive,,,
7,"Honestly, # Wentworth is # EVERYTHING that # OrangeIsTheNewBlack should have been from the beginning.",Honestly Wentworth EVERYTHING that OrangeIsTheNewBlack should have been from beginning,positive,,,
8,# OrangeIsTheNewBlack enganchad√≠sima,OrangeIsTheNewBlack enganchad sima,positive,,,
9,My # Netflix catch up binge continues with # OITNB # OrangeIsTheNewBlack S06x04-07. Let's get this done!!! @ Netflix @ OITNBpic.twitter.com/tWZeUig8v7,Netflix catch binge continues with OITNB OrangeIsTheNewBlack this done Netflix OITNBpic twitter tWZeUig,negative,,,
StrangerThings,,,,50,50,https://i.ibb.co/9cTzB3L/Stranger-Things.png
0,100% completed the # StrangerThings mobile game on Classic Mode this time. Didn't seem any harder than Normal Mode though. pic.twitter.com/tBzfXJrLzK,completed StrangerThings mobile game Classic Mode this time Didn seem harder than Normal Mode though twitter tBzfXJrLzK,positive,,,
1,I used http://makeitstranger.com/noel-salinas to create this # strangerthings inspired logo. From the dungeon delvers @ nelsoncash,used makeitstranger noel salinas create this strangerthings inspired logo From dungeon delvers nelsoncash,negative,,,
2,# StrangerThings # Steve # Funko # Dorbz # FunkoSDCC # SDCC,StrangerThings Steve Funko Dorbz FunkoSDCC SDCC,positive,,,
3,"This week, Charlie‚Äôs homework was to take a picture of him reading a book in a strange place... Well it doesn‚Äôt get more ‚ÄúStrange‚Äù, than casually sitting on the set of Stranger Things‚Ä¶ Thanks so much @ GatenM123 & @ calebmclaughlin, you‚Äôve made a little boy‚Äôs day!!! # StrangerThings pic.twitter.com/Fr1gqirWc0",This week Charlie homework take picture reading book strange place Well doesn more Strange than casually sitting Stranger Things Thanks much GatenM calebmclaughlin made little StrangerThings twitter gqirWc,positive,,,
4,Reeva doing her best Eleven impression. What do you think @ Milliestopshate ?? # strangerthings # friendsdontlie # elevenpic.twitter.com/3lMFLgULVD,Reeva doing best Eleven impression What think Milliestopshate strangerthings friendsdontlie elevenpic twitter lMFLgULVD,negative,,,
5,Friends don‚Äôt lie #11 # StrangerThings,Friends StrangerThings,positive,,,
6,This world needs a @ Stranger_Things Christmas Special. @ netflix # StrangerThings # amirite # christmasspecial,This world needs Stranger Things Christmas Special netflix StrangerThings amirite christmasspecial,positive,,,
7,I used http://makeitstranger.com/stranger-kalia to create this # strangerthings inspired logo. From the dungeon delvers @ nelsoncash,used makeitstranger stranger kalia create this strangerthings inspired logo From dungeon delvers nelsoncash,negative,,,
8,# StrangerThings whoa.. # wtf is that?? # alien # monster # cloudspic.twitter.com/C0oy2JWuQO,StrangerThings whoa that alien monster cloudspic twitter JWuQO,negative,,,
9,I‚Äôm way late to the party but I finally started watching # strangerthings on Netflix. Holy shit! Hooked isn‚Äôt even the right word. Binged watched until 4 am this morning and back on it. Ready for another long night. I imagine this is what crack is like. # GiveMeMore,late party finally started watching strangerthings Netflix Holy shit Hooked even right word Binged watched until this morning back Ready another long night imagine this what crack like GiveMeMore,negative,,,
